{
 "resultCount":3,
 "results": [
{"wrapperType":"track", "kind":"song", "artistId":372976, "collectionId":850009855, "trackId":850009864, "artistName":"ABBA", "collectionName":"Gold: Greatest Hits", "trackName":"Dancing Queen", "collectionCensoredName":"Gold: Greatest Hits", "trackCensoredName":"Dancing Queen", "artistViewUrl":"https://itunes.apple.com/us/artist/abba/id372976?uo=4", "collectionViewUrl":"https://itunes.apple.com/us/album/dancing-queen/id850009855?i=850009864&uo=4", "trackViewUrl":"https://itunes.apple.com/us/album/dancing-queen/id850009855?i=850009864&uo=4", "previewUrl":"http://a902.phobos.apple.com/us/r30/Music4/v4/6a/76/11/6a761195-efb2-a649-ae5a-6e3f9b74f2e1/mzaf_2735411689193600746.plus.aac.p.m4a", "artworkUrl30":"http://is1.mzstatic.com/image/thumb/Music4/v4/95/20/8f/95208fc6-629f-6ac9-c8db-69357b9b69d2/source/30x30bb.jpg", "artworkUrl60":"http://is1.mzstatic.com/image/thumb/Music4/v4/95/20/8f/95208fc6-629f-6ac9-c8db-69357b9b69d2/source/60x60bb.jpg", "artworkUrl100":"http://is1.mzstatic.com/image/thumb/Music4/v4/95/20/8f/95208fc6-629f-6ac9-c8db-69357b9b69d2/source/100x100bb.jpg", "collectionPrice":7.99, "trackPrice":1.29, "releaseDate":"1992-09-21T07:00:00Z", "collectionExplicitness":"notExplicit", "trackExplicitness":"notExplicit", "discCount":1, "discNumber":1, "trackCount":19, "trackNumber":1, "trackTimeMillis":231844, "country":"USA", "currency":"USD", "primaryGenreName":"Pop", "isStreamable":true}, 
{"wrapperType":"track", "kind":"song", "artistId":372976, "collectionId":850009855, "trackId":850009866, "artistName":"ABBA", "collectionName":"Gold: Greatest Hits", "trackName":"Take a Chance On Me", "collectionCensoredName":"Gold: Greatest Hits", "trackCensoredName":"Take a Chance On Me", "artistViewUrl":"https://itunes.apple.com/us/artist/abba/id372976?uo=4", "collectionViewUrl":"https://itunes.apple.com/us/album/take-a-chance-on-me/id850009855?i=850009866&uo=4", "trackViewUrl":"https://itunes.apple.com/us/album/take-a-chance-on-me/id850009855?i=850009866&uo=4", "previewUrl":"http://a1757.phobos.apple.com/us/r30/Music/v4/15/84/c1/1584c1fc-687f-88d1-001f-468b26cc6a6e/mzaf_949527388120129365.plus.aac.p.m4a", "artworkUrl30":"http://is1.mzstatic.com/image/thumb/Music4/v4/95/20/8f/95208fc6-629f-6ac9-c8db-69357b9b69d2/source/30x30bb.jpg", "artworkUrl60":"http://is1.mzstatic.com/image/thumb/Music4/v4/95/20/8f/95208fc6-629f-6ac9-c8db-69357b9b69d2/source/60x60bb.jpg", "artworkUrl100":"http://is1.mzstatic.com/image/thumb/Music4/v4/95/20/8f/95208fc6-629f-6ac9-c8db-69357b9b69d2/source/100x100bb.jpg", "collectionPrice":7.99, "trackPrice":1.29, "releaseDate":"1992-09-21T07:00:00Z", "collectionExplicitness":"notExplicit", "trackExplicitness":"notExplicit", "discCount":1, "discNumber":1, "trackCount":19, "trackNumber":3, "trackTimeMillis":244954, "country":"USA", "currency":"USD", "primaryGenreName":"Pop", "isStreamable":true}, 
{"wrapperType":"track", "kind":"song", "artistId":372976, "collectionId":850009855, "trackId":850009868, "artistName":"ABBA", "collectionName":"Gold: Greatest Hits", "trackName":"Mamma Mia", "collectionCensoredName":"Gold: Greatest Hits", "trackCensoredName":"Mamma Mia", "artistViewUrl":"https://itunes.apple.com/us/artist/abba/id372976?uo=4", "collectionViewUrl":"https://itunes.apple.com/us/album/mamma-mia/id850009855?i=850009868&uo=4", "trackViewUrl":"https://itunes.apple.com/us/album/mamma-mia/id850009855?i=850009868&uo=4", "previewUrl":"http://a1056.phobos.apple.com/us/r30/Music/v4/f2/b9/e7/f2b9e7fb-820c-2c0f-90af-110c5d8b47f4/mzaf_4774072711931856116.plus.aac.p.m4a", "artworkUrl30":"http://is1.mzstatic.com/image/thumb/Music4/v4/95/20/8f/95208fc6-629f-6ac9-c8db-69357b9b69d2/source/30x30bb.jpg", "artworkUrl60":"http://is1.mzstatic.com/image/thumb/Music4/v4/95/20/8f/95208fc6-629f-6ac9-c8db-69357b9b69d2/source/60x60bb.jpg", "artworkUrl100":"http://is1.mzstatic.com/image/thumb/Music4/v4/95/20/8f/95208fc6-629f-6ac9-c8db-69357b9b69d2/source/100x100bb.jpg", "collectionPrice":7.99, "trackPrice":1.29, "releaseDate":"1992-09-21T07:00:00Z", "collectionExplicitness":"notExplicit", "trackExplicitness":"notExplicit", "discCount":1, "discNumber":1, "trackCount":19, "trackNumber":4, "trackTimeMillis":212304, "country":"USA", "currency":"USD", "primaryGenreName":"Pop", "isStreamable":true}]
}